-- phpMyAdmin SQL Dump
-- version 4.7.6
-- https://www.phpmyadmin.net/
--
-- Host: localhost
-- Generation Time: Mar 05, 2018 at 11:14 PM
-- Server version: 10.1.29-MariaDB
-- PHP Version: 7.2.0

SET SQL_MODE = "NO_AUTO_VALUE_ON_ZERO";
SET AUTOCOMMIT = 0;
START TRANSACTION;
SET time_zone = "+00:00";


/*!40101 SET @OLD_CHARACTER_SET_CLIENT=@@CHARACTER_SET_CLIENT */;
/*!40101 SET @OLD_CHARACTER_SET_RESULTS=@@CHARACTER_SET_RESULTS */;
/*!40101 SET @OLD_COLLATION_CONNECTION=@@COLLATION_CONNECTION */;
/*!40101 SET NAMES utf8mb4 */;

--
-- Database: `dbproyecto`
--

-- --------------------------------------------------------

--
-- Table structure for table `clientes`
--

CREATE TABLE `clientes` (
  `id_cliente` int(10) NOT NULL,
  `nombre_cliente` varchar(200) NOT NULL,
  `dir_cliente` varchar(300) NOT NULL,
  `tel_cliente` varchar(30) NOT NULL,
  `correo_cliente` varchar(150) NOT NULL,
  `asesor_cliente` varchar(200) NOT NULL
) ENGINE=InnoDB DEFAULT CHARSET=utf8;

--
-- Dumping data for table `clientes`
--

INSERT INTO `clientes` (`id_cliente`, `nombre_cliente`, `dir_cliente`, `tel_cliente`, `correo_cliente`, `asesor_cliente`) VALUES
(1, 'ENRIQUE FLORES', 'CALLE 6 N&deg; 32-45', '3120684325', 'enrique@outlook.com', 'WILMER CONTRERAS'),
(2, 'LUIS HERRERA', 'CALLE 45 N&deg; 34-98', '3215463719', 'luish@yahoo.es', 'JOSE PLATA'),
(3, 'JUAN FUENTES RIOS', 'CALLE 6 N&deg; 34-21', '3273451239', 'juanf@mail.com', 'JEISON RUIZ'),
(4, 'ERWIN FABIAN', 'CARRERA 15 E 17-56', '3173764562', 'erwin@gmail.com', 'WILMER CONTRERAS'),
(5, 'ASTRID MILEIDY', 'CALLE56 N&deg;87-23', '2135467862', 'astrid@micorreo.com', 'JEISON RUIZ');

-- --------------------------------------------------------

--
-- Table structure for table `comentarios`
--

CREATE TABLE `comentarios` (
  `id_com` int(10) NOT NULL,
  `id_propiedad` varchar(200) NOT NULL,
  `nombre_com` varchar(200) NOT NULL,
  `tel_com` varchar(30) NOT NULL,
  `correo_com` varchar(200) NOT NULL,
  `mensaje_com` text NOT NULL,
  `estatus_com` varchar(20) NOT NULL
) ENGINE=InnoDB DEFAULT CHARSET=utf8;

--
-- Dumping data for table `comentarios`
--

INSERT INTO `comentarios` (`id_com`, `id_propiedad`, `nombre_com`, `tel_com`, `correo_com`, `mensaje_com`, `estatus_com`) VALUES
(1, '2a377780748d26effa729d0055f21b5e54403dfa', 'joana macias', '2831872342', 'joana@gmail.com', 'me interesa la propiedad', 'NUEVO'),
(2, 'ead95f64372b113d03dff234df910587c2bbab3a', 'martin esparza', '868769023', 'martin@outlook.com', 'esta propiedad esta disponible ?', 'NUEVO'),
(3, '2a377780748d26effa729d0055f21b5e54403dfa', 'mariano ortiz', '146785246', 'mariano@yahoo.es', 'esta propiedad cuenta con due&ntilde;os ?', 'NUEVO');

-- --------------------------------------------------------

--
-- Table structure for table `departamentos`
--

CREATE TABLE `departamentos` (
  `id_dep` int(10) NOT NULL,
  `departamento_dep` varchar(50) NOT NULL
) ENGINE=InnoDB DEFAULT CHARSET=utf8;

--
-- Dumping data for table `departamentos`
--

INSERT INTO `departamentos` (`id_dep`, `departamento_dep`) VALUES
(1, 'AMAZONAS'),
(2, 'ANTIOQUIA'),
(3, 'ARAUCA'),
(4, 'ATLÁNTICO'),
(5, 'BOLÍVAR'),
(6, 'BOYACÁ'),
(7, 'CALDAS'),
(8, 'CAQUETÁ'),
(9, 'CASANARE'),
(10, 'CAUCA'),
(11, 'CESAR'),
(12, 'CHOCÓ'),
(13, 'CÓRDOBA'),
(14, 'CUNDINAMARCA'),
(15, 'GÜAINIA'),
(16, 'GUAVIARE'),
(17, 'HUILA'),
(18, 'LA GUAJIRA'),
(19, 'MAGDALENA'),
(20, 'META'),
(21, 'NARIÑO'),
(22, 'NORTE DE SANTANDER'),
(23, 'PUTUMAYO'),
(24, 'QUINDIO'),
(25, 'RISARALDA'),
(26, 'SAN ANDRÉS Y PROVIDENCIA'),
(27, 'SANTANDER'),
(28, 'SUCRE'),
(29, 'TOLIMA'),
(30, 'VALLE DEL CAUCA'),
(31, 'VAUPÉS'),
(32, 'VICHADA');

-- --------------------------------------------------------

--
-- Table structure for table `imagenes`
--

CREATE TABLE `imagenes` (
  `id_img` int(10) NOT NULL,
  `id_propiedad` varchar(200) NOT NULL,
  `ruta_img` varchar(200) NOT NULL
) ENGINE=InnoDB DEFAULT CHARSET=utf8;

-- --------------------------------------------------------

--
-- Table structure for table `inventario`
--

CREATE TABLE `inventario` (
  `propiedad_inv` varchar(200) NOT NULL,
  `consecutivo_inv` int(10) NOT NULL,
  `id_cliente` int(10) NOT NULL,
  `departamento_dep` varchar(50) NOT NULL,
  `municipio_mun` varchar(100) NOT NULL,
  `nombre_cliente` varchar(200) NOT NULL,
  `precio_inv` double NOT NULL,
  `barrio_sector_inv` varchar(100) NOT NULL,
  `calle_num_inv` varchar(100) NOT NULL,
  `numero_int_inv` int(10) NOT NULL,
  `m2t_inv` int(10) NOT NULL,
  `baño_inv` int(2) NOT NULL,
  `plantas_inv` int(2) NOT NULL,
  `caracteristicas_inv` text NOT NULL,
  `m2c_inv` int(10) NOT NULL,
  `cuartos_inv` int(2) NOT NULL,
  `garajes_inv` int(2) NOT NULL,
  `observaciones_inv` text NOT NULL,
  `forma_pago_inv` varchar(50) NOT NULL,
  `asesor_cliente` varchar(200) NOT NULL,
  `tipo_inmueble_inv` varchar(100) NOT NULL,
  `fecha_registro_inv` date NOT NULL,
  `comentario_web_inv` text NOT NULL,
  `operacion_inv` varchar(50) NOT NULL,
  `foto_principal_inv` varchar(200) NOT NULL,
  `mapa_inv` varchar(200) NOT NULL,
  `marcado_inv` varchar(2) NOT NULL,
  `estatus_inv` varchar(50) NOT NULL
) ENGINE=InnoDB DEFAULT CHARSET=utf8;

--
-- Dumping data for table `inventario`
--

INSERT INTO `inventario` (`propiedad_inv`, `consecutivo_inv`, `id_cliente`, `departamento_dep`, `municipio_mun`, `nombre_cliente`, `precio_inv`, `barrio_sector_inv`, `calle_num_inv`, `numero_int_inv`, `m2t_inv`, `baño_inv`, `plantas_inv`, `caracteristicas_inv`, `m2c_inv`, `cuartos_inv`, `garajes_inv`, `observaciones_inv`, `forma_pago_inv`, `asesor_cliente`, `tipo_inmueble_inv`, `fecha_registro_inv`, `comentario_web_inv`, `operacion_inv`, `foto_principal_inv`, `mapa_inv`, `marcado_inv`, `estatus_inv`) VALUES
('2a377780748d26effa729d0055f21b5e54403dfa', 19, 1, 'AMAZONAS', 'LETICIA', 'ENRIQUE FLORES', 1234568, 'LA MATA', 'CALLE 1', 1, 1213, 2, 2, 'XCRTVBYUNIM,L', 13, 3, 2, 'XCVBNMK', 'CONTADO', 'WILMER CONTRERAS', 'CASA', '2018-03-04', 'ZXCVBNJKM,L', 'VENTA', 'casas/foto_principal.png', 'CALLE 1 LETICIA, AMAZONAS', 'SI', 'ACTIVO'),
('ead95f64372b113d03dff234df910587c2bbab3a', 20, 2, 'ANTIOQUIA', 'ABEJORRAL', 'LUIS HERRERA', 8765432234, 'MOSQUERA', 'CALLE2', 2, 2212, 2, 3, 'FCVMJBKNLK', 212, 3, 3, 'FCVBJKNLK', 'CREDITO', 'JOSE PLATA', 'LOCAL', '2018-03-01', 'ZXTCYTVUBINJKM', 'RENTA', 'casas/foto_principal.png', 'CALLE2 ABEJORRAL, ANTIOQUIA', 'SI', 'ACTIVO');

-- --------------------------------------------------------

--
-- Table structure for table `municipios`
--

CREATE TABLE `municipios` (
  `id_mun` int(10) NOT NULL,
  `municipio_mun` varchar(50) NOT NULL,
  `id_dep` int(10) NOT NULL
) ENGINE=InnoDB DEFAULT CHARSET=utf8;

--
-- Dumping data for table `municipios`
--

INSERT INTO `municipios` (`id_mun`, `municipio_mun`, `id_dep`) VALUES
(1, 'LETICIA', 1),
(2, 'PUERTO NARIÑO', 1),
(3, 'ABEJORRAL', 2),
(4, 'ABRIAQUÍ', 2),
(5, 'ALEJANDRIA', 2),
(6, 'AMAGÁ', 2),
(7, 'AMALFI', 2),
(8, 'ANDES', 2),
(9, 'ANGELÓPOLIS', 2),
(10, 'ANGOSTURA', 2),
(11, 'ANORÍ', 2),
(12, 'ANZÁ', 2),
(13, 'APARTADÓ', 2),
(14, 'ARBOLETES', 2),
(15, 'ARGELIA', 2),
(16, 'ARMENIA', 2),
(17, 'BARBOSA', 2),
(18, 'BELLO', 2),
(19, 'BELMIRA', 2),
(20, 'BETANIA', 2),
(21, 'BETULIA', 2),
(22, 'BOLÍVAR', 2),
(23, 'BRICEÑO', 2),
(24, 'BURÍTICA', 2),
(25, 'CAICEDO', 2),
(26, 'CALDAS', 2),
(27, 'CAMPAMENTO', 2),
(28, 'CARACOLÍ', 2),
(29, 'CARAMANTA', 2),
(30, 'CAREPA', 2),
(31, 'CARMEN DE VIBORAL', 2),
(32, 'CAROLINA', 2),
(33, 'CAUCASIA', 2),
(34, 'CAÑASGORDAS', 2),
(35, 'CHIGORODÓ', 2),
(36, 'CISNEROS', 2),
(37, 'COCORNÁ', 2),
(38, 'CONCEPCIÓN', 2),
(39, 'CONCORDIA', 2),
(40, 'COPACABANA', 2),
(41, 'CÁCERES', 2),
(42, 'DABEIBA', 2),
(43, 'DON MATÍAS', 2),
(44, 'EBÉJICO', 2),
(45, 'EL BAGRE', 2),
(46, 'ENTRERRÍOS', 2),
(47, 'ENVIGADO', 2),
(48, 'FREDONIA', 2),
(49, 'FRONTINO', 2),
(50, 'GIRALDO', 2),
(51, 'GIRARDOTA', 2),
(52, 'GRANADA', 2),
(53, 'GUADALUPE', 2),
(54, 'GUARNE', 2),
(55, 'GUATAPÉ', 2),
(56, 'GÓMEZ PLATA', 2),
(57, 'HELICONIA', 2),
(58, 'HISPANIA', 2),
(59, 'ITAGÜÍ', 2),
(60, 'ITUANGO', 2),
(61, 'JARDÍN', 2),
(62, 'JERICÓ', 2),
(63, 'LA CEJA', 2),
(64, 'LA ESTRELLA', 2),
(65, 'LA PINTADA', 2),
(66, 'LA UNIÓN', 2),
(67, 'LIBORINA', 2),
(68, 'MACEO', 2),
(69, 'MARINILLA', 2),
(70, 'MEDELLÍN', 2),
(71, 'MONTEBELLO', 2),
(72, 'MURINDÓ', 2),
(73, 'MUTATÁ', 2),
(74, 'NARIÑO', 2),
(75, 'NECHÍ', 2),
(76, 'NECOCLÍ', 2),
(77, 'OLAYA', 2),
(78, 'PEQUE', 2),
(79, 'PEÑOL', 2),
(80, 'PUEBLORRICO', 2),
(81, 'PUERTO BERRÍO', 2),
(82, 'PUERTO NARE', 2),
(83, 'PUERTO TRIUNFO', 2),
(84, 'REMEDIOS', 2),
(85, 'RETIRO', 2),
(86, 'RÍONEGRO', 2),
(87, 'SABANALARGA', 2),
(88, 'SABANETA', 2),
(89, 'SALGAR', 2),
(90, 'SAN ANDRÉS DE CUERQUÍA', 2),
(91, 'SAN CARLOS', 2),
(92, 'SAN FRANCISCO', 2),
(93, 'SAN JERÓNIMO', 2),
(94, 'SAN JOSÉ DE MONTAÑA', 2),
(95, 'SAN JUAN DE URABÁ', 2),
(96, 'SAN LUÍS', 2),
(97, 'SAN PEDRO', 2),
(98, 'SAN PEDRO DE URABÁ', 2),
(99, 'SAN RAFAEL', 2),
(100, 'SAN ROQUE', 2),
(101, 'SAN VICENTE', 2),
(102, 'SANTA BÁRBARA', 2),
(103, 'SANTA FÉ DE ANTIOQUIA', 2),
(104, 'SANTA ROSA DE OSOS', 2),
(105, 'SANTO DOMINGO', 2),
(106, 'SANTUARIO', 2),
(107, 'SEGOVIA', 2),
(108, 'SONSÓN', 2),
(109, 'SOPETRÁN', 2),
(110, 'TARAZÁ', 2),
(111, 'TARSO', 2),
(112, 'TITIRIBÍ', 2),
(113, 'TOLEDO', 2),
(114, 'TURBO', 2),
(115, 'TÁMESIS', 2),
(116, 'URAMITA', 2),
(117, 'URRAO', 2),
(118, 'VALDIVIA', 2),
(119, 'VALPARAISO', 2),
(120, 'VEGACHÍ', 2),
(121, 'VENECIA', 2),
(122, 'VIGÍA DEL FUERTE', 2),
(123, 'YALÍ', 2),
(124, 'YARUMAL', 2),
(125, 'YOLOMBÓ', 2),
(126, 'YONDÓ (CASABE)', 2),
(127, 'ZARAGOZA', 2),
(128, 'ARAUCA', 3),
(129, 'ARAUQUITA', 3),
(130, 'CRAVO NORTE', 3),
(131, 'FORTÚL', 3),
(132, 'PUERTO RONDÓN', 3),
(133, 'SARAVENA', 3),
(134, 'TAME', 3),
(135, 'BARANOA', 4),
(136, 'BARRANQUILLA', 4),
(137, 'CAMPO DE LA CRUZ', 4),
(138, 'CANDELARIA', 4),
(139, 'GALAPA', 4),
(140, 'JUAN DE ACOSTA', 4),
(141, 'LURUACO', 4),
(142, 'MALAMBO', 4),
(143, 'MANATÍ', 4),
(144, 'PALMAR DE VARELA', 4),
(145, 'PIOJO', 4),
(146, 'POLONUEVO', 4),
(147, 'PONEDERA', 4),
(148, 'PUERTO COLOMBIA', 4),
(149, 'REPELÓN', 4),
(150, 'SABANAGRANDE', 4),
(151, 'SABANALARGA', 4),
(152, 'SANTA LUCÍA', 4),
(153, 'SANTO TOMÁS', 4),
(154, 'SOLEDAD', 4),
(155, 'SUAN', 4),
(156, 'TUBARÁ', 4),
(157, 'USIACURI', 4),
(158, 'ACHÍ', 5),
(159, 'ALTOS DEL ROSARIO', 5),
(160, 'ARENAL', 5),
(161, 'ARJONA', 5),
(162, 'ARROYOHONDO', 5),
(163, 'BARRANCO DE LOBA', 5),
(164, 'CALAMAR', 5),
(165, 'CANTAGALLO', 5),
(166, 'CARTAGENA', 5),
(167, 'CICUCO', 5),
(168, 'CLEMENCIA', 5),
(169, 'CÓRDOBA', 5),
(170, 'EL CARMEN DE BOLÍVAR', 5),
(171, 'EL GUAMO', 5),
(172, 'EL PEÑON', 5),
(173, 'HATILLO DE LOBA', 5),
(174, 'MAGANGUÉ', 5),
(175, 'MAHATES', 5),
(176, 'MARGARITA', 5),
(177, 'MARÍA LA BAJA', 5),
(178, 'MOMPÓS', 5),
(179, 'MONTECRISTO', 5),
(180, 'MORALES', 5),
(181, 'NOROSÍ', 5),
(182, 'PINILLOS', 5),
(183, 'REGIDOR', 5),
(184, 'RÍO VIEJO', 5),
(185, 'SAN CRISTOBAL', 5),
(186, 'SAN ESTANISLAO', 5),
(187, 'SAN FERNANDO', 5),
(188, 'SAN JACINTO', 5),
(189, 'SAN JACINTO DEL CAUCA', 5),
(190, 'SAN JUAN DE NEPOMUCENO', 5),
(191, 'SAN MARTÍN DE LOBA', 5),
(192, 'SAN PABLO', 5),
(193, 'SANTA CATALINA', 5),
(194, 'SANTA ROSA ', 5),
(195, 'SANTA ROSA DEL SUR', 5),
(196, 'SIMITÍ', 5),
(197, 'SOPLAVIENTO', 5),
(198, 'TALAIGUA NUEVO', 5),
(199, 'TIQUISIO (PUERTO RICO)', 5),
(200, 'TURBACO', 5),
(201, 'TURBANÁ', 5),
(202, 'VILLANUEVA', 5),
(203, 'ZAMBRANO', 5),
(204, 'ALMEIDA', 6),
(205, 'AQUITANIA', 6),
(206, 'ARCABUCO', 6),
(207, 'BELÉN', 6),
(208, 'BERBEO', 6),
(209, 'BETEITIVA', 6),
(210, 'BOAVITA', 6),
(211, 'BOYACÁ', 6),
(212, 'BRICEÑO', 6),
(213, 'BUENAVISTA', 6),
(214, 'BUSBANZA', 6),
(215, 'CALDAS', 6),
(216, 'CAMPOHERMOSO', 6),
(217, 'CERINZA', 6),
(218, 'CHINAVITA', 6),
(219, 'CHIQUINQUIRÁ', 6),
(220, 'CHISCAS', 6),
(221, 'CHITA', 6),
(222, 'CHITARAQUE', 6),
(223, 'CHIVATÁ', 6),
(224, 'CHÍQUIZA', 6),
(225, 'CHÍVOR', 6),
(226, 'CIÉNAGA', 6),
(227, 'COPER', 6),
(228, 'CORRALES', 6),
(229, 'COVARACHÍA', 6),
(230, 'CUBARÁ', 6),
(231, 'CUCAITA', 6),
(232, 'CUITIVA', 6),
(233, 'CÓMBITA', 6),
(234, 'DUITAMA', 6),
(235, 'EL COCUY', 6),
(236, 'EL ESPINO', 6),
(237, 'FIRAVITOBA', 6),
(238, 'FLORESTA', 6),
(239, 'GACHANTIVÁ', 6),
(240, 'GARAGOA', 6),
(241, 'GUACAMAYAS', 6),
(242, 'GUATEQUE', 6),
(243, 'GUAYATÁ', 6),
(244, 'GUICÁN', 6),
(245, 'GÁMEZA', 6),
(246, 'IZÁ', 6),
(247, 'JENESANO', 6),
(248, 'JERICÓ', 6),
(249, 'LA CAPILLA', 6),
(250, 'LA UVITA', 6),
(251, 'LA VICTORIA', 6),
(252, 'LABRANZAGRANDE', 6),
(253, 'MACANAL', 6),
(254, 'MARIPÍ', 6),
(255, 'MIRAFLORES', 6),
(256, 'MONGUA', 6),
(257, 'MONGUÍ', 6),
(258, 'MONIQUIRÁ', 6),
(259, 'MOTAVITA', 6),
(260, 'MUZO', 6),
(261, 'NOBSA', 6),
(262, 'NUEVO COLÓN', 6),
(263, 'OICATÁ', 6),
(264, 'OTANCHE', 6),
(265, 'PACHAVITA', 6),
(266, 'PAIPA', 6),
(267, 'PAJARITO', 6),
(268, 'PANQUEBA', 6),
(269, 'PAUNA', 6),
(270, 'PAYA', 6),
(271, 'PAZ DE RÍO', 6),
(272, 'PESCA', 6),
(273, 'PISVA', 6),
(274, 'PUERTO BOYACÁ', 6),
(275, 'PÁEZ', 6),
(276, 'QUIPAMA', 6),
(277, 'RAMIRIQUÍ', 6),
(278, 'RONDÓN', 6),
(279, 'RÁQUIRA', 6),
(280, 'SABOYÁ', 6),
(281, 'SAMACÁ', 6),
(282, 'SAN EDUARDO', 6),
(283, 'SAN JOSÉ DE PARE', 6),
(284, 'SAN LUÍS DE GACENO', 6),
(285, 'SAN MATEO', 6),
(286, 'SAN MIGUEL DE SEMA', 6),
(287, 'SAN PABLO DE BORBUR', 6),
(288, 'SANTA MARÍA', 6),
(289, 'SANTA ROSA DE VITERBO', 6),
(290, 'SANTA SOFÍA', 6),
(291, 'SANTANA', 6),
(292, 'SATIVANORTE', 6),
(293, 'SATIVASUR', 6),
(294, 'SIACHOQUE', 6),
(295, 'SOATÁ', 6),
(296, 'SOCHA', 6),
(297, 'SOCOTÁ', 6),
(298, 'SOGAMOSO', 6),
(299, 'SOMONDOCO', 6),
(300, 'SORA', 6),
(301, 'SORACÁ', 6),
(302, 'SOTAQUIRÁ', 6),
(303, 'SUSACÓN', 6),
(304, 'SUTAMARCHÁN', 6),
(305, 'SUTATENZA', 6),
(306, 'SÁCHICA', 6),
(307, 'TASCO', 6),
(308, 'TENZA', 6),
(309, 'TIBANÁ', 6),
(310, 'TIBASOSA', 6),
(311, 'TINJACÁ', 6),
(312, 'TIPACOQUE', 6),
(313, 'TOCA', 6),
(314, 'TOGUÍ', 6),
(315, 'TOPAGÁ', 6),
(316, 'TOTA', 6),
(317, 'TUNJA', 6),
(318, 'TUNUNGUA', 6),
(319, 'TURMEQUÉ', 6),
(320, 'TUTA', 6),
(321, 'TUTASÁ', 6),
(322, 'VENTAQUEMADA', 6),
(323, 'VILLA DE LEIVA', 6),
(324, 'VIRACACHÁ', 6),
(325, 'ZETAQUIRÁ', 6),
(326, 'ÚMBITA', 6),
(327, 'AGUADAS', 7),
(328, 'ANSERMA', 7),
(329, 'ARANZAZU', 7),
(330, 'BELALCÁZAR', 7),
(331, 'CHINCHINÁ', 7),
(332, 'FILADELFIA', 7),
(333, 'LA DORADA', 7),
(334, 'LA MERCED', 7),
(335, 'LA VICTORIA', 7),
(336, 'MANIZALES', 7),
(337, 'MANZANARES', 7),
(338, 'MARMATO', 7),
(339, 'MARQUETALIA', 7),
(340, 'MARULANDA', 7),
(341, 'NEIRA', 7),
(342, 'NORCASIA', 7),
(343, 'PALESTINA', 7),
(344, 'PENSILVANIA', 7),
(345, 'PÁCORA', 7),
(346, 'RISARALDA', 7),
(347, 'RÍO SUCIO', 7),
(348, 'SALAMINA', 7),
(349, 'SAMANÁ', 7),
(350, 'SAN JOSÉ', 7),
(351, 'SUPÍA', 7),
(352, 'VILLAMARÍA', 7),
(353, 'VITERBO', 7),
(354, 'ALBANIA', 8),
(355, 'BELÉN DE LOS ANDAQUÍES', 8),
(356, 'CARTAGENA DEL CHAIRÁ', 8),
(357, 'CURILLO', 8),
(358, 'EL DONCELLO', 8),
(359, 'EL PAUJIL', 8),
(360, 'FLORENCIA', 8),
(361, 'LA MONTAÑITA', 8),
(362, 'MILÁN', 8),
(363, 'MORELIA', 8),
(364, 'PUERTO RICO', 8),
(365, 'SAN JOSÉ DEL FRAGUA', 8),
(366, 'SAN VICENTE DEL CAGUÁN', 8),
(367, 'SOLANO', 8),
(368, 'SOLITA', 8),
(369, 'VALPARAISO', 8),
(370, 'AGUAZUL', 9),
(371, 'CHÁMEZA', 9),
(372, 'HATO COROZAL', 9),
(373, 'LA SALINA', 9),
(374, 'MANÍ', 9),
(375, 'MONTERREY', 9),
(376, 'NUNCHÍA', 9),
(377, 'OROCUÉ', 9),
(378, 'PAZ DE ARIPORO', 9),
(379, 'PORE', 9),
(380, 'RECETOR', 9),
(381, 'SABANALARGA', 9),
(382, 'SAN LUÍS DE PALENQUE', 9),
(383, 'SÁCAMA', 9),
(384, 'TAURAMENA', 9),
(385, 'TRINIDAD', 9),
(386, 'TÁMARA', 9),
(387, 'VILLANUEVA', 9),
(388, 'YOPAL', 9),
(389, 'ALMAGUER', 10),
(390, 'ARGELIA', 10),
(391, 'BALBOA', 10),
(392, 'BOLÍVAR', 10),
(393, 'BUENOS AIRES', 10),
(394, 'CAJIBÍO', 10),
(395, 'CALDONO', 10),
(396, 'CALOTO', 10),
(397, 'CORINTO', 10),
(398, 'EL TAMBO', 10),
(399, 'FLORENCIA', 10),
(400, 'GUACHENÉ', 10),
(401, 'GUAPÍ', 10),
(402, 'INZÁ', 10),
(403, 'JAMBALÓ', 10),
(404, 'LA SIERRA', 10),
(405, 'LA VEGA', 10),
(406, 'LÓPEZ (MICAY)', 10),
(407, 'MERCADERES', 10),
(408, 'MIRANDA', 10),
(409, 'MORALES', 10),
(410, 'PADILLA', 10),
(411, 'PATÍA (EL BORDO)', 10),
(412, 'PIAMONTE', 10),
(413, 'PIENDAMÓ', 10),
(414, 'POPAYÁN', 10),
(415, 'PUERTO TEJADA', 10),
(416, 'PURACÉ (COCONUCO)', 10),
(417, 'PÁEZ (BELALCAZAR)', 10),
(418, 'ROSAS', 10),
(419, 'SAN SEBASTIÁN', 10),
(420, 'SANTA ROSA', 10),
(421, 'SANTANDER DE QUILICHAO', 10),
(422, 'SILVIA', 10),
(423, 'SOTARA (PAISPAMBA)', 10),
(424, 'SUCRE', 10),
(425, 'SUÁREZ', 10),
(426, 'TIMBIQUÍ', 10),
(427, 'TIMBÍO', 10),
(428, 'TORIBÍO', 10),
(429, 'TOTORÓ', 10),
(430, 'VILLA RICA', 10),
(431, 'AGUACHICA', 11),
(432, 'AGUSTÍN CODAZZI', 11),
(433, 'ASTREA', 11),
(434, 'BECERRÍL', 11),
(435, 'BOSCONIA', 11),
(436, 'CHIMICHAGUA', 11),
(437, 'CHIRIGUANÁ', 11),
(438, 'CURUMANÍ', 11),
(439, 'EL COPEY', 11),
(440, 'EL PASO', 11),
(441, 'GAMARRA', 11),
(442, 'GONZALEZ', 11),
(443, 'LA GLORIA', 11),
(444, 'LA JAGUA DE IBIRICO', 11),
(445, 'LA PAZ (ROBLES)', 11),
(446, 'MANAURE BALCÓN DEL CESAR', 11),
(447, 'PAILITAS', 11),
(448, 'PELAYA', 11),
(449, 'PUEBLO BELLO', 11),
(450, 'RÍO DE ORO', 11),
(451, 'SAN ALBERTO', 11),
(452, 'SAN DIEGO', 11),
(453, 'SAN MARTÍN', 11),
(454, 'TAMALAMEQUE', 11),
(455, 'VALLEDUPAR', 11),
(456, 'ACANDÍ', 12),
(457, 'ALTO BAUDÓ (PIE DE PATO)', 12),
(458, 'ATRATO (YUTO)', 12),
(459, 'BAGADÓ', 12),
(460, 'BAHÍA SOLANO (MÚTIS)', 12),
(461, 'BAJO BAUDÓ (PIZARRO)', 12),
(462, 'BELÉN DE BAJIRÁ', 12),
(463, 'BOJAYÁ (BELLAVISTA)', 12),
(464, 'CANTÓN DE SAN PABLO', 12),
(465, 'CARMEN DEL DARIÉN (CURBARADÓ)', 12),
(466, 'CONDOTO', 12),
(467, 'CÉRTEGUI', 12),
(468, 'EL CARMEN DE ATRATO', 12),
(469, 'ISTMINA', 12),
(470, 'JURADÓ', 12),
(471, 'LLORÓ', 12),
(472, 'MEDIO ATRATO', 12),
(473, 'MEDIO BAUDÓ', 12),
(474, 'MEDIO SAN JUAN (ANDAGOYA)', 12),
(475, 'NOVITA', 12),
(476, 'NUQUÍ', 12),
(477, 'QUIBDÓ', 12),
(478, 'RÍO IRÓ', 12),
(479, 'RÍO QUITO', 12),
(480, 'RÍOSUCIO', 12),
(481, 'SAN JOSÉ DEL PALMAR', 12),
(482, 'SANTA GENOVEVA DE DOCORODÓ', 12),
(483, 'SIPÍ', 12),
(484, 'TADÓ', 12),
(485, 'UNGUÍA', 12),
(486, 'UNIÓN PANAMERICANA (ÁNIMAS)', 12),
(487, 'AYAPEL', 13),
(488, 'BUENAVISTA', 13),
(489, 'CANALETE', 13),
(490, 'CERETÉ', 13),
(491, 'CHIMÁ', 13),
(492, 'CHINÚ', 13),
(493, 'CIÉNAGA DE ORO', 13),
(494, 'COTORRA', 13),
(495, 'LA APARTADA Y LA FRONTERA', 13),
(496, 'LORICA', 13),
(497, 'LOS CÓRDOBAS', 13),
(498, 'MOMIL', 13),
(499, 'MONTELÍBANO', 13),
(500, 'MONTERIA', 13),
(501, 'MOÑITOS', 13),
(502, 'PLANETA RICA', 13),
(503, 'PUEBLO NUEVO', 13),
(504, 'PUERTO ESCONDIDO', 13),
(505, 'PUERTO LIBERTADOR', 13),
(506, 'PURÍSIMA', 13),
(507, 'SAHAGÚN', 13),
(508, 'SAN ANDRÉS SOTAVENTO', 13),
(509, 'SAN ANTERO', 13),
(510, 'SAN BERNARDO DEL VIENTO', 13),
(511, 'SAN CARLOS', 13),
(512, 'SAN JOSÉ DE URÉ', 13),
(513, 'SAN PELAYO', 13),
(514, 'TIERRALTA', 13),
(515, 'TUCHÍN', 13),
(516, 'VALENCIA', 13),
(517, 'AGUA DE DIOS', 14),
(518, 'ALBÁN', 14),
(519, 'ANAPOIMA', 14),
(520, 'ANOLAIMA', 14),
(521, 'APULO', 14),
(522, 'ARBELÁEZ', 14),
(523, 'BELTRÁN', 14),
(524, 'BITUIMA', 14),
(525, 'BOGOTÁ D.C.', 14),
(526, 'BOJACÁ', 14),
(527, 'CABRERA', 14),
(528, 'CACHIPAY', 14),
(529, 'CAJICÁ', 14),
(530, 'CAPARRAPÍ', 14),
(531, 'CARMEN DE CARUPA', 14),
(532, 'CHAGUANÍ', 14),
(533, 'CHIPAQUE', 14),
(534, 'CHOACHÍ', 14),
(535, 'CHOCONTÁ', 14),
(536, 'CHÍA', 14),
(537, 'COGUA', 14),
(538, 'COTA', 14),
(539, 'CUCUNUBÁ', 14),
(540, 'CÁQUEZA', 14),
(541, 'EL COLEGIO', 14),
(542, 'EL PEÑÓN', 14),
(543, 'EL ROSAL', 14),
(544, 'FACATATIVÁ', 14),
(545, 'FOSCA', 14),
(546, 'FUNZA', 14),
(547, 'FUSAGASUGÁ', 14),
(548, 'FÓMEQUE', 14),
(549, 'FÚQUENE', 14),
(550, 'GACHALÁ', 14),
(551, 'GACHANCIPÁ', 14),
(552, 'GACHETÁ', 14),
(553, 'GAMA', 14),
(554, 'GIRARDOT', 14),
(555, 'GRANADA', 14),
(556, 'GUACHETÁ', 14),
(557, 'GUADUAS', 14),
(558, 'GUASCA', 14),
(559, 'GUATAQUÍ', 14),
(560, 'GUATAVITA', 14),
(561, 'GUAYABAL DE SIQUIMA', 14),
(562, 'GUAYABETAL', 14),
(563, 'GUTIÉRREZ', 14),
(564, 'JERUSALÉN', 14),
(565, 'JUNÍN', 14),
(566, 'LA CALERA', 14),
(567, 'LA MESA', 14),
(568, 'LA PALMA', 14),
(569, 'LA PEÑA', 14),
(570, 'LA VEGA', 14),
(571, 'LENGUAZAQUE', 14),
(572, 'MACHETÁ', 14),
(573, 'MADRID', 14),
(574, 'MANTA', 14),
(575, 'MEDINA', 14),
(576, 'MOSQUERA', 14),
(577, 'NARIÑO', 14),
(578, 'NEMOCÓN', 14),
(579, 'NILO', 14),
(580, 'NIMAIMA', 14),
(581, 'NOCAIMA', 14),
(582, 'PACHO', 14),
(583, 'PAIME', 14),
(584, 'PANDI', 14),
(585, 'PARATEBUENO', 14),
(586, 'PASCA', 14),
(587, 'PUERTO SALGAR', 14),
(588, 'PULÍ', 14),
(589, 'QUEBRADANEGRA', 14),
(590, 'QUETAME', 14),
(591, 'QUIPILE', 14),
(592, 'RICAURTE', 14),
(593, 'SAN ANTONIO DE TEQUENDAMA', 14),
(594, 'SAN BERNARDO', 14),
(595, 'SAN CAYETANO', 14),
(596, 'SAN FRANCISCO', 14),
(597, 'SAN JUAN DE RÍO SECO', 14),
(598, 'SASAIMA', 14),
(599, 'SESQUILÉ', 14),
(600, 'SIBATÉ', 14),
(601, 'SILVANIA', 14),
(602, 'SIMIJACA', 14),
(603, 'SOACHA', 14),
(604, 'SOPÓ', 14),
(605, 'SUBACHOQUE', 14),
(606, 'SUESCA', 14),
(607, 'SUPATÁ', 14),
(608, 'SUSA', 14),
(609, 'SUTATAUSA', 14),
(610, 'TABIO', 14),
(611, 'TAUSA', 14),
(612, 'TENA', 14),
(613, 'TENJO', 14),
(614, 'TIBACUY', 14),
(615, 'TIBIRITA', 14),
(616, 'TOCAIMA', 14),
(617, 'TOCANCIPÁ', 14),
(618, 'TOPAIPÍ', 14),
(619, 'UBALÁ', 14),
(620, 'UBAQUE', 14),
(621, 'UBATÉ', 14),
(622, 'UNE', 14),
(623, 'VENECIA (OSPINA PÉREZ)', 14),
(624, 'VERGARA', 14),
(625, 'VIANI', 14),
(626, 'VILLAGÓMEZ', 14),
(627, 'VILLAPINZÓN', 14),
(628, 'VILLETA', 14),
(629, 'VIOTÁ', 14),
(630, 'YACOPÍ', 14),
(631, 'ZIPACÓN', 14),
(632, 'ZIPAQUIRÁ', 14),
(633, 'ÚTICA', 14),
(634, 'INÍRIDA', 15),
(635, 'CALAMAR', 16),
(636, 'EL RETORNO', 16),
(637, 'MIRAFLORES', 16),
(638, 'SAN JOSÉ DEL GUAVIARE', 16),
(639, 'ACEVEDO', 17),
(640, 'AGRADO', 17),
(641, 'AIPE', 17),
(642, 'ALGECIRAS', 17),
(643, 'ALTAMIRA', 17),
(644, 'BARAYA', 17),
(645, 'CAMPOALEGRE', 17),
(646, 'COLOMBIA', 17),
(647, 'ELÍAS', 17),
(648, 'GARZÓN', 17),
(649, 'GIGANTE', 17),
(650, 'GUADALUPE', 17),
(651, 'HOBO', 17),
(652, 'ISNOS', 17),
(653, 'LA ARGENTINA', 17),
(654, 'LA PLATA', 17),
(655, 'NEIVA', 17),
(656, 'NÁTAGA', 17),
(657, 'OPORAPA', 17),
(658, 'PAICOL', 17),
(659, 'PALERMO', 17),
(660, 'PALESTINA', 17),
(661, 'PITAL', 17),
(662, 'PITALITO', 17),
(663, 'RIVERA', 17),
(664, 'SALADOBLANCO', 17),
(665, 'SAN AGUSTÍN', 17),
(666, 'SANTA MARÍA', 17),
(667, 'SUAZA', 17),
(668, 'TARQUI', 17),
(669, 'TELLO', 17),
(670, 'TERUEL', 17),
(671, 'TESALIA', 17),
(672, 'TIMANÁ', 17),
(673, 'VILLAVIEJA', 17),
(674, 'YAGUARÁ', 17),
(675, 'ÍQUIRA', 17),
(676, 'ALBANIA', 18),
(677, 'BARRANCAS', 18),
(678, 'DIBULLA', 18),
(679, 'DISTRACCIÓN', 18),
(680, 'EL MOLINO', 18),
(681, 'FONSECA', 18),
(682, 'HATONUEVO', 18),
(683, 'LA JAGUA DEL PILAR', 18),
(684, 'MAICAO', 18),
(685, 'MANAURE', 18),
(686, 'RIOHACHA', 18),
(687, 'SAN JUAN DEL CESAR', 18),
(688, 'URIBIA', 18),
(689, 'URUMITA', 18),
(690, 'VILLANUEVA', 18),
(691, 'ALGARROBO', 19),
(692, 'ARACATACA', 19),
(693, 'ARIGUANÍ (EL DIFÍCIL)', 19),
(694, 'CERRO SAN ANTONIO', 19),
(695, 'CHIVOLO', 19),
(696, 'CIÉNAGA', 19),
(697, 'CONCORDIA', 19),
(698, 'EL BANCO', 19),
(699, 'EL PIÑON', 19),
(700, 'EL RETÉN', 19),
(701, 'FUNDACIÓN', 19),
(702, 'GUAMAL', 19),
(703, 'NUEVA GRANADA', 19),
(704, 'PEDRAZA', 19),
(705, 'PIJIÑO', 19),
(706, 'PIVIJAY', 19),
(707, 'PLATO', 19),
(708, 'PUEBLOVIEJO', 19),
(709, 'REMOLINO', 19),
(710, 'SABANAS DE SAN ANGEL (SAN ANGEL)', 19),
(711, 'SALAMINA', 19),
(712, 'SAN SEBASTIÁN DE BUENAVISTA', 19),
(713, 'SAN ZENÓN', 19),
(714, 'SANTA ANA', 19),
(715, 'SANTA BÁRBARA DE PINTO', 19),
(716, 'SANTA MARTA', 19),
(717, 'SITIONUEVO', 19),
(718, 'TENERIFE', 19),
(719, 'ZAPAYÁN (PUNTA DE PIEDRAS)', 19),
(720, 'ZONA BANANERA (PRADO - SEVILLA)', 19),
(721, 'ACACÍAS', 20),
(722, 'BARRANCA DE UPÍA', 20),
(723, 'CABUYARO', 20),
(724, 'CASTILLA LA NUEVA', 20),
(725, 'CUBARRAL', 20),
(726, 'CUMARAL', 20),
(727, 'EL CALVARIO', 20),
(728, 'EL CASTILLO', 20),
(729, 'EL DORADO', 20),
(730, 'FUENTE DE ORO', 20),
(731, 'GRANADA', 20),
(732, 'GUAMAL', 20),
(733, 'LA MACARENA', 20),
(734, 'LEJANÍAS', 20),
(735, 'MAPIRIPAN', 20),
(736, 'MESETAS', 20),
(737, 'PUERTO CONCORDIA', 20),
(738, 'PUERTO GAITÁN', 20),
(739, 'PUERTO LLERAS', 20),
(740, 'PUERTO LÓPEZ', 20),
(741, 'PUERTO RICO', 20),
(742, 'RESTREPO', 20),
(743, 'SAN CARLOS DE GUAROA', 20),
(744, 'SAN JUAN DE ARAMA', 20),
(745, 'SAN JUANITO', 20),
(746, 'SAN MARTÍN', 20),
(747, 'URIBE', 20),
(748, 'VILLAVICENCIO', 20),
(749, 'VISTA HERMOSA', 20),
(750, 'ALBÁN (SAN JOSÉ)', 21),
(751, 'ALDANA', 21),
(752, 'ANCUYA', 21),
(753, 'ARBOLEDA (BERRUECOS)', 21),
(754, 'BARBACOAS', 21),
(755, 'BELÉN', 21),
(756, 'BUESACO', 21),
(757, 'CHACHAGUÍ', 21),
(758, 'COLÓN (GÉNOVA)', 21),
(759, 'CONSACA', 21),
(760, 'CONTADERO', 21),
(761, 'CUASPUD (CARLOSAMA)', 21),
(762, 'CUMBAL', 21),
(763, 'CUMBITARA', 21),
(764, 'CÓRDOBA', 21),
(765, 'EL CHARCO', 21),
(766, 'EL PEÑOL', 21),
(767, 'EL ROSARIO', 21),
(768, 'EL TABLÓN DE GÓMEZ', 21),
(769, 'EL TAMBO', 21),
(770, 'FRANCISCO PIZARRO', 21),
(771, 'FUNES', 21),
(772, 'GUACHAVÉS', 21),
(773, 'GUACHUCAL', 21),
(774, 'GUAITARILLA', 21),
(775, 'GUALMATÁN', 21),
(776, 'ILES', 21),
(777, 'IMÚES', 21),
(778, 'IPIALES', 21),
(779, 'LA CRUZ', 21),
(780, 'LA FLORIDA', 21),
(781, 'LA LLANADA', 21),
(782, 'LA TOLA', 21),
(783, 'LA UNIÓN', 21),
(784, 'LEIVA', 21),
(785, 'LINARES', 21),
(786, 'MAGÜI (PAYÁN)', 21),
(787, 'MALLAMA (PIEDRANCHA)', 21),
(788, 'MOSQUERA', 21),
(789, 'NARIÑO', 21),
(790, 'OLAYA HERRERA', 21),
(791, 'OSPINA', 21),
(792, 'POLICARPA', 21),
(793, 'POTOSÍ', 21),
(794, 'PROVIDENCIA', 21),
(795, 'PUERRES', 21),
(796, 'PUPIALES', 21),
(797, 'RICAURTE', 21),
(798, 'ROBERTO PAYÁN (SAN JOSÉ)', 21),
(799, 'SAMANIEGO', 21),
(800, 'SAN BERNARDO', 21),
(801, 'SAN JUAN DE PASTO', 21),
(802, 'SAN LORENZO', 21),
(803, 'SAN PABLO', 21),
(804, 'SAN PEDRO DE CARTAGO', 21),
(805, 'SANDONÁ', 21),
(806, 'SANTA BÁRBARA (ISCUANDÉ)', 21),
(807, 'SAPUYES', 21),
(808, 'SOTOMAYOR (LOS ANDES)', 21),
(809, 'TAMINANGO', 21),
(810, 'TANGUA', 21),
(811, 'TUMACO', 21),
(812, 'TÚQUERRES', 21),
(813, 'YACUANQUER', 21),
(814, 'ARBOLEDAS', 22),
(815, 'BOCHALEMA', 22),
(816, 'BUCARASICA', 22),
(817, 'CHINÁCOTA', 22),
(818, 'CHITAGÁ', 22),
(819, 'CONVENCIÓN', 22),
(820, 'CUCUTILLA', 22),
(821, 'CÁCHIRA', 22),
(822, 'CÁCOTA', 22),
(823, 'CÚCUTA', 22),
(824, 'DURANIA', 22),
(825, 'EL CARMEN', 22),
(826, 'EL TARRA', 22),
(827, 'EL ZULIA', 22),
(828, 'GRAMALOTE', 22),
(829, 'HACARÍ', 22),
(830, 'HERRÁN', 22),
(831, 'LA ESPERANZA', 22),
(832, 'LA PLAYA', 22),
(833, 'LABATECA', 22),
(834, 'LOS PATIOS', 22),
(835, 'LOURDES', 22),
(836, 'MUTISCUA', 22),
(837, 'OCAÑA', 22),
(838, 'PAMPLONA', 22),
(839, 'PAMPLONITA', 22),
(840, 'PUERTO SANTANDER', 22),
(841, 'RAGONVALIA', 22),
(842, 'SALAZAR', 22),
(843, 'SAN CALIXTO', 22),
(844, 'SAN CAYETANO', 22),
(845, 'SANTIAGO', 22),
(846, 'SARDINATA', 22),
(847, 'SILOS', 22),
(848, 'TEORAMA', 22),
(849, 'TIBÚ', 22),
(850, 'TOLEDO', 22),
(851, 'VILLA CARO', 22),
(852, 'VILLA DEL ROSARIO', 22),
(853, 'ÁBREGO', 22),
(854, 'COLÓN', 23),
(855, 'MOCOA', 23),
(856, 'ORITO', 23),
(857, 'PUERTO ASÍS', 23),
(858, 'PUERTO CAICEDO', 23),
(859, 'PUERTO GUZMÁN', 23),
(860, 'PUERTO LEGUÍZAMO', 23),
(861, 'SAN FRANCISCO', 23),
(862, 'SAN MIGUEL', 23),
(863, 'SANTIAGO', 23),
(864, 'SIBUNDOY', 23),
(865, 'VALLE DEL GUAMUEZ', 23),
(866, 'VILLAGARZÓN', 23),
(867, 'ARMENIA', 24),
(868, 'BUENAVISTA', 24),
(869, 'CALARCÁ', 24),
(870, 'CIRCASIA', 24),
(871, 'CORDOBÁ', 24),
(872, 'FILANDIA', 24),
(873, 'GÉNOVA', 24),
(874, 'LA TEBAIDA', 24),
(875, 'MONTENEGRO', 24),
(876, 'PIJAO', 24),
(877, 'QUIMBAYA', 24),
(878, 'SALENTO', 24),
(879, 'APÍA', 25),
(880, 'BALBOA', 25),
(881, 'BELÉN DE UMBRÍA', 25),
(882, 'DOS QUEBRADAS', 25),
(883, 'GUÁTICA', 25),
(884, 'LA CELIA', 25),
(885, 'LA VIRGINIA', 25),
(886, 'MARSELLA', 25),
(887, 'MISTRATÓ', 25),
(888, 'PEREIRA', 25),
(889, 'PUEBLO RICO', 25),
(890, 'QUINCHÍA', 25),
(891, 'SANTA ROSA DE CABAL', 25),
(892, 'SANTUARIO', 25),
(893, 'PROVIDENCIA', 26),
(894, 'AGUADA', 27),
(895, 'ALBANIA', 27),
(896, 'ARATOCA', 27),
(897, 'BARBOSA', 27),
(898, 'BARICHARA', 27),
(899, 'BARRANCABERMEJA', 27),
(900, 'BETULIA', 27),
(901, 'BOLÍVAR', 27),
(902, 'BUCARAMANGA', 27),
(903, 'CABRERA', 27),
(904, 'CALIFORNIA', 27),
(905, 'CAPITANEJO', 27),
(906, 'CARCASÍ', 27),
(907, 'CEPITA', 27),
(908, 'CERRITO', 27),
(909, 'CHARALÁ', 27),
(910, 'CHARTA', 27),
(911, 'CHIMA', 27),
(912, 'CHIPATÁ', 27),
(913, 'CIMITARRA', 27),
(914, 'CONCEPCIÓN', 27),
(915, 'CONFINES', 27),
(916, 'CONTRATACIÓN', 27),
(917, 'COROMORO', 27),
(918, 'CURITÍ', 27),
(919, 'EL CARMEN', 27),
(920, 'EL GUACAMAYO', 27),
(921, 'EL PEÑON', 27),
(922, 'EL PLAYÓN', 27),
(923, 'ENCINO', 27),
(924, 'ENCISO', 27),
(925, 'FLORIDABLANCA', 27),
(926, 'FLORIÁN', 27),
(927, 'GALÁN', 27),
(928, 'GIRÓN', 27),
(929, 'GUACA', 27),
(930, 'GUADALUPE', 27),
(931, 'GUAPOTA', 27),
(932, 'GUAVATÁ', 27),
(933, 'GUEPSA', 27),
(934, 'GÁMBITA', 27),
(935, 'HATO', 27),
(936, 'JESÚS MARÍA', 27),
(937, 'JORDÁN', 27),
(938, 'LA BELLEZA', 27),
(939, 'LA PAZ', 27),
(940, 'LANDÁZURI', 27),
(941, 'LEBRIJA', 27),
(942, 'LOS SANTOS', 27),
(943, 'MACARAVITA', 27),
(944, 'MATANZA', 27),
(945, 'MOGOTES', 27),
(946, 'MOLAGAVITA', 27),
(947, 'MÁLAGA', 27),
(948, 'OCAMONTE', 27),
(949, 'OIBA', 27),
(950, 'ONZAGA', 27),
(951, 'PALMAR', 27),
(952, 'PALMAS DEL SOCORRO', 27),
(953, 'PIE DE CUESTA', 27),
(954, 'PINCHOTE', 27),
(955, 'PUENTE NACIONAL', 27),
(956, 'PUERTO PARRA', 27),
(957, 'PUERTO WILCHES', 27),
(958, 'PÁRAMO', 27),
(959, 'RIO NEGRO', 27),
(960, 'SABANA DE TORRES', 27),
(961, 'SAN ANDRÉS', 27),
(962, 'SAN BENITO', 27),
(963, 'SAN GÍL', 27),
(964, 'SAN JOAQUÍN', 27),
(965, 'SAN JOSÉ DE MIRANDA', 27),
(966, 'SAN MIGUEL', 27),
(967, 'SAN VICENTE DEL CHUCURÍ', 27),
(968, 'SANTA BÁRBARA', 27),
(969, 'SANTA HELENA DEL OPÓN', 27),
(970, 'SIMACOTA', 27),
(971, 'SOCORRO', 27),
(972, 'SUAITA', 27),
(973, 'SUCRE', 27),
(974, 'SURATÁ', 27),
(975, 'TONA', 27),
(976, 'VALLE DE SAN JOSÉ', 27),
(977, 'VETAS', 27),
(978, 'VILLANUEVA', 27),
(979, 'VÉLEZ', 27),
(980, 'ZAPATOCA', 27),
(981, 'BUENAVISTA', 28),
(982, 'CAIMITO', 28),
(983, 'CHALÁN', 28),
(984, 'COLOSÓ (RICAURTE)', 28),
(985, 'COROZAL', 28),
(986, 'COVEÑAS', 28),
(987, 'EL ROBLE', 28),
(988, 'GALERAS (NUEVA GRANADA)', 28),
(989, 'GUARANDA', 28),
(990, 'LA UNIÓN', 28),
(991, 'LOS PALMITOS', 28),
(992, 'MAJAGUAL', 28),
(993, 'MORROA', 28),
(994, 'OVEJAS', 28),
(995, 'PALMITO', 28),
(996, 'SAMPUÉS', 28),
(997, 'SAN BENITO ABAD', 28),
(998, 'SAN JUAN DE BETULIA', 28),
(999, 'SAN MARCOS', 28),
(1000, 'SAN ONOFRE', 28),
(1001, 'SAN PEDRO', 28),
(1002, 'SINCELEJO', 28),
(1003, 'SINCÉ', 28),
(1004, 'SUCRE', 28),
(1005, 'TOLÚ', 28),
(1006, 'TOLÚ VIEJO', 28),
(1007, 'ALPUJARRA', 29),
(1008, 'ALVARADO', 29),
(1009, 'AMBALEMA', 29),
(1010, 'ANZOÁTEGUI', 29),
(1011, 'ARMERO (GUAYABAL)', 29),
(1012, 'ATACO', 29),
(1013, 'CAJAMARCA', 29),
(1014, 'CARMEN DE APICALÁ', 29),
(1015, 'CASABIANCA', 29),
(1016, 'CHAPARRAL', 29),
(1017, 'COELLO', 29),
(1018, 'COYAIMA', 29),
(1019, 'CUNDAY', 29),
(1020, 'DOLORES', 29),
(1021, 'ESPINAL', 29),
(1022, 'FALAN', 29),
(1023, 'FLANDES', 29),
(1024, 'FRESNO', 29),
(1025, 'GUAMO', 29),
(1026, 'HERVEO', 29),
(1027, 'HONDA', 29),
(1028, 'IBAGUÉ', 29),
(1029, 'ICONONZO', 29),
(1030, 'LÉRIDA', 29),
(1031, 'LÍBANO', 29),
(1032, 'MARIQUITA', 29),
(1033, 'MELGAR', 29),
(1034, 'MURILLO', 29),
(1035, 'NATAGAIMA', 29),
(1036, 'ORTEGA', 29),
(1037, 'PALOCABILDO', 29),
(1038, 'PIEDRAS', 29),
(1039, 'PLANADAS', 29),
(1040, 'PRADO', 29),
(1041, 'PURIFICACIÓN', 29),
(1042, 'RIOBLANCO', 29),
(1043, 'RONCESVALLES', 29),
(1044, 'ROVIRA', 29),
(1045, 'SALDAÑA', 29),
(1046, 'SAN ANTONIO', 29),
(1047, 'SAN LUIS', 29),
(1048, 'SANTA ISABEL', 29),
(1049, 'SUÁREZ', 29),
(1050, 'VALLE DE SAN JUAN', 29),
(1051, 'VENADILLO', 29),
(1052, 'VILLAHERMOSA', 29),
(1053, 'VILLARRICA', 29),
(1054, 'ALCALÁ', 30),
(1055, 'ANDALUCÍA', 30),
(1056, 'ANSERMANUEVO', 30),
(1057, 'ARGELIA', 30),
(1058, 'BOLÍVAR', 30),
(1059, 'BUENAVENTURA', 30),
(1060, 'BUGA', 30),
(1061, 'BUGALAGRANDE', 30),
(1062, 'CAICEDONIA', 30),
(1063, 'CALIMA (DARIÉN)', 30),
(1064, 'CALÍ', 30),
(1065, 'CANDELARIA', 30),
(1066, 'CARTAGO', 30),
(1067, 'DAGUA', 30),
(1068, 'EL CAIRO', 30),
(1069, 'EL CERRITO', 30),
(1070, 'EL DOVIO', 30),
(1071, 'EL ÁGUILA', 30),
(1072, 'FLORIDA', 30),
(1073, 'GINEBRA', 30),
(1074, 'GUACARÍ', 30),
(1075, 'JAMUNDÍ', 30),
(1076, 'LA CUMBRE', 30),
(1077, 'LA UNIÓN', 30),
(1078, 'LA VICTORIA', 30),
(1079, 'OBANDO', 30),
(1080, 'PALMIRA', 30),
(1081, 'PRADERA', 30),
(1082, 'RESTREPO', 30),
(1083, 'RIOFRÍO', 30),
(1084, 'ROLDANILLO', 30),
(1085, 'SAN PEDRO', 30),
(1086, 'SEVILLA', 30),
(1087, 'TORO', 30),
(1088, 'TRUJILLO', 30),
(1089, 'TULÚA', 30),
(1090, 'ULLOA', 30),
(1091, 'VERSALLES', 30),
(1092, 'VIJES', 30),
(1093, 'YOTOCO', 30),
(1094, 'YUMBO', 30),
(1095, 'ZARZAL', 30),
(1096, 'CARURÚ', 31),
(1097, 'MITÚ', 31),
(1098, 'TARAIRA', 31),
(1099, 'CUMARIBO', 32),
(1100, 'LA PRIMAVERA', 32),
(1101, 'PUERTO CARREÑO', 32),
(1102, 'SANTA ROSALÍA', 32);

-- --------------------------------------------------------

--
-- Table structure for table `slider`
--

CREATE TABLE `slider` (
  `id_slider` int(2) NOT NULL,
  `ruta_slider` varchar(200) NOT NULL
) ENGINE=InnoDB DEFAULT CHARSET=utf8;

--
-- Dumping data for table `slider`
--

INSERT INTO `slider` (`id_slider`, `ruta_slider`) VALUES
(1, 'slider/881.jpg'),
(2, 'slider/8162.jpeg'),
(3, 'slider/4653.jpg');

-- --------------------------------------------------------

--
-- Table structure for table `usuarios`
--

CREATE TABLE `usuarios` (
  `id_usuario` int(10) NOT NULL,
  `nick_usuario` varchar(15) NOT NULL,
  `clave_usuario` varchar(100) NOT NULL,
  `nombre_usuario` varchar(100) NOT NULL,
  `correo_usuario` varchar(100) NOT NULL,
  `nivel_usuario` varchar(20) NOT NULL,
  `bloqueo_usuario` int(1) NOT NULL,
  `foto_usuario` varchar(50) NOT NULL
) ENGINE=InnoDB DEFAULT CHARSET=utf8;

--
-- Dumping data for table `usuarios`
--

INSERT INTO `usuarios` (`id_usuario`, `nick_usuario`, `clave_usuario`, `nombre_usuario`, `correo_usuario`, `nivel_usuario`, `bloqueo_usuario`, `foto_usuario`) VALUES
(1, 'ADMINISTRADOR', '57f5e76a3db5f96460bd19d6d885fa77e79c910f', 'WILMER CONTRERAS', 'wraulcontreras@hotmail.com', 'ADMINISTRADOR', 1, 'foto_perfil/ADMINISTRADOR.png'),
(2, 'ASESORUNO', 'b94d156c56fadee4621532e0a8b0f288b1aa2008', 'JOSE PLATA', 'asesoruno@gmail.com', 'ASESOR', 1, 'foto_perfil/ASESORUNO.jpg'),
(3, 'OTROASESOR', 'b94d156c56fadee4621532e0a8b0f288b1aa2008', 'JEISON RUIZ', 'jeison@hotmail.com', 'ASESOR', 1, 'foto_perfil/perfil.png'),
(4, 'ASESORTRES', 'b94d156c56fadee4621532e0a8b0f288b1aa2008', 'MARIA PEREZ', 'mariaperez@gmail.com', 'ASESOR', 1, 'foto_perfil/ASESORTRES.png');

--
-- Indexes for dumped tables
--

--
-- Indexes for table `clientes`
--
ALTER TABLE `clientes`
  ADD PRIMARY KEY (`id_cliente`);

--
-- Indexes for table `comentarios`
--
ALTER TABLE `comentarios`
  ADD PRIMARY KEY (`id_com`);

--
-- Indexes for table `departamentos`
--
ALTER TABLE `departamentos`
  ADD PRIMARY KEY (`id_dep`);

--
-- Indexes for table `imagenes`
--
ALTER TABLE `imagenes`
  ADD PRIMARY KEY (`id_img`);

--
-- Indexes for table `inventario`
--
ALTER TABLE `inventario`
  ADD PRIMARY KEY (`propiedad_inv`),
  ADD UNIQUE KEY `consecutivo_inv` (`consecutivo_inv`);

--
-- Indexes for table `municipios`
--
ALTER TABLE `municipios`
  ADD PRIMARY KEY (`id_mun`),
  ADD KEY `id_dep` (`id_dep`);

--
-- Indexes for table `slider`
--
ALTER TABLE `slider`
  ADD PRIMARY KEY (`id_slider`);

--
-- Indexes for table `usuarios`
--
ALTER TABLE `usuarios`
  ADD PRIMARY KEY (`id_usuario`),
  ADD UNIQUE KEY `nick_name` (`nick_usuario`);

--
-- AUTO_INCREMENT for dumped tables
--

--
-- AUTO_INCREMENT for table `clientes`
--
ALTER TABLE `clientes`
  MODIFY `id_cliente` int(10) NOT NULL AUTO_INCREMENT, AUTO_INCREMENT=6;

--
-- AUTO_INCREMENT for table `comentarios`
--
ALTER TABLE `comentarios`
  MODIFY `id_com` int(10) NOT NULL AUTO_INCREMENT, AUTO_INCREMENT=4;

--
-- AUTO_INCREMENT for table `imagenes`
--
ALTER TABLE `imagenes`
  MODIFY `id_img` int(10) NOT NULL AUTO_INCREMENT;

--
-- AUTO_INCREMENT for table `inventario`
--
ALTER TABLE `inventario`
  MODIFY `consecutivo_inv` int(10) NOT NULL AUTO_INCREMENT, AUTO_INCREMENT=21;

--
-- AUTO_INCREMENT for table `slider`
--
ALTER TABLE `slider`
  MODIFY `id_slider` int(2) NOT NULL AUTO_INCREMENT, AUTO_INCREMENT=4;

--
-- AUTO_INCREMENT for table `usuarios`
--
ALTER TABLE `usuarios`
  MODIFY `id_usuario` int(10) NOT NULL AUTO_INCREMENT, AUTO_INCREMENT=5;

--
-- Constraints for dumped tables
--

--
-- Constraints for table `municipios`
--
ALTER TABLE `municipios`
  ADD CONSTRAINT `municipios_ibfk_1` FOREIGN KEY (`id_dep`) REFERENCES `departamentos` (`id_dep`);
COMMIT;

/*!40101 SET CHARACTER_SET_CLIENT=@OLD_CHARACTER_SET_CLIENT */;
/*!40101 SET CHARACTER_SET_RESULTS=@OLD_CHARACTER_SET_RESULTS */;
/*!40101 SET COLLATION_CONNECTION=@OLD_COLLATION_CONNECTION */;
